{"cameraMode":{"drawMode":0,"name":"Shaded","section":"Shading Mode"},"sceneLighting":false,"audioPlay":false,"sceneViewState":{"m_AlwaysRefresh":false,"showFog":true,"showSkybox":false,"showFlares":true,"showImageEffects":true,"showParticleSystems":true,"showVisualEffectGraphs":true,"m_FxEnabled":true},"in2DMode":false,"pivot":{"x":-6.138012886047363,"y":-0.000019073486328125,"z":17.38271713256836},"rotation":{"x":-0.5041473507881165,"y":-0.02380097471177578,"z":0.013944399543106556,"w":-0.8632129430770874},"size":61.505123138427737,"orthographic":false}